name,price,link
Подвесной светильник Сансет Black,5190.0,https://www.divan.ru/product/podvesnoj-svetilnik-sanset-black
Торшер Билли Black,12990.0,https://www.divan.ru/product/torsher-billi-black
Подвесной светильник Бабл-9,16490.0,https://www.divan.ru/product/podvesnoj-svetilnik-babl-9
Торшер Бабл-1,6190.0,https://www.divan.ru/product/torsher-babl-1
Подвесной светильник Бабл-3,6190.0,https://www.divan.ru/product/podvesnoj-svetilnik-babl-3
Бра Бабл Black,1990.0,https://www.divan.ru/product/bra-babl-black
Настольная лампа Дэнди Black,2990.0,https://www.divan.ru/product/nastolnaya-lampa-dendi-black
Настольная лампа Дэнди White,2990.0,https://www.divan.ru/product/nastolnaya-lampa-dendi-white
Торшер Варио White,3999.0,https://www.divan.ru/product/torsher-vario-white
Бра Варио Black,990.0,https://www.divan.ru/product/bra-vario-black
Бра Варио White,990.0,https://www.divan.ru/product/bra-vario-white
Подвесной светильник Сансет White,3690.0,https://www.divan.ru/product/podvesnoj-svetilnik-sanset-white
Подвесной светильник Кэндел Black,2690.0,https://www.divan.ru/product/podvesnoj-svetilnik-kendel-black
Подвесной светильник Кэндел White,2690.0,https://www.divan.ru/product/podvesnoj-svetilnik-kendel-white
Торшер Вена Beige,9990.0,https://www.divan.ru/product/torsher-vena-beige
Настольная лампа Сфера Orange,4990.0,https://www.divan.ru/product/nastolnaya-lampa-sfera-orange
Торшер Вена Black,9990.0,https://www.divan.ru/product/torsher-vena-black
Настольная лампа Гровер Glass,3990.0,https://www.divan.ru/product/nastolnaya-lampa-grover-glass
Настольная лампа Спайк Green,990.0,https://www.divan.ru/product/nastolnaya-lampa-spajk-green
Настольная лампа Рэй Black,2990.0,https://www.divan.ru/product/nastolnaya-lampa-rej-black
Подвесной светильник Портланд Black,1990.0,https://www.divan.ru/product/podvesnoj-svetilnik-portland-black
Торшер Рэй White,4990.0,https://www.divan.ru/product/torsher-rej-white
Торшер Мун Black,5990.0,https://www.divan.ru/product/torsher-mun-black
Торшер Варио Black,4990.0,https://www.divan.ru/product/torsher-vario-black
Настольная лампа Раффи Round,5990.0,https://www.divan.ru/product/nastolnaya-lampa-raffi-round
Торшер Гросс White,5990.0,https://www.divan.ru/product/torsher-gross-white
Бра Moderli Alina,3190.0,https://www.divan.ru/product/bra-moderli-alina
Подвесной светильник Маро Green,11690.0,https://www.divan.ru/product/podvesnoj-svetilnik-maro-green
Настольная лампа Машрум Grey,3990.0,https://www.divan.ru/product/nastolnaya-lampa-mashrum-grey
Настольная лампа Рэй White,2590.0,https://www.divan.ru/product/nastolnaya-lampa-rej-white
Светильник потолочный Matthew,4990.0,https://www.divan.ru/product/svetilnik-potolochnyj-matthew
Настольная лампа Junior-4,2990.0,https://www.divan.ru/product/nastolnaya-lampa-junior-4
Спот Лайт-1 Black,2390.0,https://www.divan.ru/product/spot-lajt-1-black
Настольная лампа Спайк Orange,990.0,https://www.divan.ru/product/nastolnaya-lampa-spajk-orange
Настольная лампа Junior-1,3990.0,https://www.divan.ru/product/nastolnaya-lampa-junior-1
Подвесной светильник Milligan,5490.0,https://www.divan.ru/product/podvesnoj-svetilnik-milligan
Настольная лампа Сфера Black,3990.0,https://www.divan.ru/product/nastolnaya-lampa-sfera-black
Подвесной светильник Townshend-4,10990.0,https://www.divan.ru/product/podvesnoj-svetilnik-townshend-4
Люстра Монти-3 White,9990.0,https://www.divan.ru/product/lyustra-monti-3-white
Настольная лампа Junior-2,2890.0,https://www.divan.ru/product/nastolnaya-lampa-junior-2
Торшер Duetto,6990.0,https://www.divan.ru/product/torsher-duetto
Настольная лампа Sphere,6530.0,https://www.divan.ru/product/nastolnaya-lampa-sphere
Подвесной светильник Layham,19790.0,https://www.divan.ru/product/podvesnoj-svetilnik-layham
Бра Galdakao-1,6590.0,https://www.divan.ru/product/bra-galdakao
Настольная лампа Гросс White,3590.0,https://www.divan.ru/product/nastolnaya-lampa-gross-white
Подвесной светильник Сэнсил Silver,4590.0,https://www.divan.ru/product/podvesnoj-svetilnik-sensil-silver
Подвесной светильник Tureis,3390.0,https://www.divan.ru/product/podvesnoj-svetilnik-tureis
Бра Moderli Birds-1,9390.0,https://www.divan.ru/product/bra-moderli-birds-1
